<?xml version="1.0" encoding="UTF-8"?>
<!DOCTYPE suite SYSTEM "https://testng.org/testng-1.0.dtd">
<suite name="Suite">
  <test thread-count="5" name="Test">
  <classes>
 <!--  <class name="com.createaccount.NewAccountCreation"/>  -->
   <class name="com.createaccount.Practicedifferentfunctions"/>
 <!--  </class>  -->
   </classes>
   </test>
 <!--  <test name="b">
 <classes>
  <class name="com.createaccount.Practicedifferentfunctions">
  </class>
  </classes>
  </test>  --><!-- Test --> 
</suite> <!-- Suite -->
